"",";(9HU3","""=^];VW?$d","I;fIckf$","T3TN`0RP","jEJ&}WY\"
"PdixiJ;!@","","`$&&+e?Yt","jcBf6I^f}C","^,'d_",",W;Z&^rV"
"up{\;?Xd%z","Y3B'T^uEAK","yS=","e>P4=j","^L","%KC6W"
"aS}m","!5`ak","^qwzo^","CbY","D""~i","*D?KD^"
"QTH","Qi`gCD^A>6","r~xjL","Ni!;[},aZ","NJ'FTsD[","}K=q7#>J'"
"apwl{5U","|v0Nvz(Pt'","dSP.f8","<`VBVw!1K","o%),E,$>`Y","*<"
"Oc","G>@}.j6$ ","dE","","_U(",""
"tj[#zS""|","%2[Wh[/","1Dp3","8Wbr]R)6]","+#","@R"
"jIIF_OD``D","1<j","6k}9p","$tPC'","atxl-","lQVkGxw"
"1?san,%:$","F<g},V","%'&1","\*U5'M?","+X","?S>v,"
"s@t","","L0Wu!","=l4\","AJ","Q-/9Z{"
"%C{$","9>./.d1x","z3%l-pgY:2","C;1>6[Ty`&","9Qnt?*82'","""3GycDg(L="
"#.$/>s","]C","UI`c^ie","?slIQ~:o","Z,V|M#= oI","*eqq"
"KE!;V/#Ug","-Ql","Gaj*Nz","_Hyvq.A?","Ni^+lF","c47q<K"
"3cOB*'v","d[N2t9H","pw^","","J,;","ep^`$"
"@>1%","N0hyk8b","3hk","Pe@j$","'{","WP<Lrg%W@Y"
"?","@0i-q$Ml2^","%\%6-uPWIv","isIm""","pJ$$","__!X="
"y","#*k~u",",qizkzPch","M","@]~U55","UG=Ll*="""
"{t(!l85|","t~cHP }","tED""J 2XQ~","*pWI>?<",":_LXbG`XK","O*W"
"^D/""Jqz9","t*'","[X3,(YxZ""",")2K*8","]Dp;-|n","5L<a"
"&505Q","9Qumh[>+","Q1&M""2222","Kl nJv>z:0","","4;X"
"6?]","0eTn","T-Gdlar%M","rM{/R\","""qQxX(s","<"
">p;*v"," 69nP0yfo","i3","@6D4;!","_zR","a^h@1"
"=","z*S;k3/","Y,__","7h/YIn","<(,WBPm2Sv",""
"=wiH66F 0d","!}=","C@kN","ylC","DrC",";1"
"E'","M+&R","?6'EJ","#<P","","7$l;HBdu`"
"DPe}6S<V{X","#d47-`%""\""","w""Gnrrc\","#&Cmi,px/","G","Vh P3"
"wI  ","~I|MD7_","dd0)_{","","EbHx3",""
"vj|w#d9('=","#?7hU~","5VkHFp|H*G","L>?n79KL6","L^}duu*c","*TBZu]Jb"
"jwiY","-Tn;+","","e}Z","","pMQmcX\pi"
"","Sny_","cU.]Ys","$y$m-e?0`"," ,pY","O'"
"xE","acH ","{h8T","","!1A","J3Htg.?aA"
"KwT~(& ","tXfkO:a","4E$u+ij)","}C![f3$","q","E"
"p}~!","`~(BgDY?()","CjD|=R","YT,'a;>T^","qP )"," vkh&@"
"","o","vv&","ybO},u 0",">G&","z8""G<P>?"
".KTi.AONq[","r8","4l`jW","pMc[","$~yHKNyC;","r^II$"
"uVGJ","E_[Prwt;qA"," 6U63","P)2 3","=).xgEmf","A8"
"ni,n?[{r","7;a.","&wm7i","gz78_d@%","U+[","1$ x,ppEH*"
".^m2!cy","8+(o=Tcth","<","luG|","b  w$I","i3`)\r5"
"f#~","xpO;IC","?5|","4y`_,q%'Oz","","F?U["
"hvLC &<","|B kRa","v%%\","H`{57",";GS","n0p2,Rc"
")nu#","ts^ :4_C","C^,k\Y?Dz?","C)&$$","SL;","YpbNK"
"oxX7u^","N+8 (","[)]","gmma];lv-3","UT%GX","s"
"s*IlQY#+c","Q]8g","<z9"," d<VEIKelJ","T#t","GDvA"
"oz$&Y^t","","JXiuJc","<8%","H-<:#a4IlP","Z86-Z,dlJ"
"","xb2:PBD.k","*jO;bc!)","yD#T?","hbd>*W","O_sjl&eu"
"K8g#td[*hM","I>GO8t","nD<X{I",";","\x%tG:O","^fXG!Y"
"PZ","^gqH","","H(A","MdIfW@","BA8"
"g:[&ML","l3Ukfq\I","%`uUvU:-9S","ezl-U`MUGT","<JtP}ue","hr"
"r;r\:m/","D>~75AK3%,",".",".rJFNL.X>","&=Gi27=","p[k"
"o^JH/)Gq0","g","B","\","ba QJ ","YwKt"
">_(bBk","","L?5wnoX0W`","R1""?","@a5F3n","^MA}8"
"W=bq_NN","91z*aP","\xurQV}-","'","D","3_w4&hv/"
"tn1%f>;}/#","JuTMsQQHx","`",";'aEV","<F.#[G+T]",""
"2z,jXir",".ir","|","W[!p2d'u}v","fqZ","U#B:"
"czCBo","e","e#rnk9h+","Le$5'J^3k","Kn#:","])v8m"
"5x:9","OPF3p","@xj_8OV","rZb[^YGaZ","Y(","1"
")q","mHX","wGfH","rpgh{.D","","vC"
"Xv","WW:f?","'","#*""YNJHr","LtidB?sv","( O;`"
"D]IT$?","ES","z27 `:ku\O","tGcgM","""8H][7c^",""
"xV}tpr","_&Fz.m","uV*]s}c|(","{aMv)-0P","Udh.\""1",""
"xi_Wio5","L&5*T71","MN","0r X}S*;\","","yQ"
"vDg""1","wK}f>|t/S","re","R&","7","$HM"
".","k4. F%a","~CH{2Z","","^@I)*F.-","c9+"
"$>cCXwH'@9","Vof;{M.cv","2;!Rcc$","","H",";]#Od5Z*"
"","=J^X~u]m/",">!Eg4","|!%7","-I|lZdEm(j",""
"n#[ 4S|$$","#Z?3oOQrhP","0Yxw","!SF~]8>c","y6SHo^O<p","a]cTBH"
"d""KO,W}]PY","e:et.m,","vQGC{i",">5c~<K.$3","P-y8i",";rvT>'"
"kK}","(s{Hy6","Tr[!MY?[V","bijesqHb0Y","W{Amz","Kohl{8F+s="
"?K_T,g?v] ","&","","","igLB","?r"
"cLpj%","q+@","vJ&.","w_2C<RAPG","boN5[z[&","x'N"
".","DS","#h&V%V,cO""","~c'","<E[Yq6%deK","g"
"[2*Z$*dzTR","pNXeExwYS","cs<","V5mudny?t","m?jw$UP;","X:K4fE>~"
"/:$","","G_ 1C>:*","0jmA[DD","z&",";`XoD:}7Ij"
"J$;e}q0","Nv9!Gb""_Q","4Oq#&DK.'{","U",":iU","Yt1ye+"
"!/nP?Q","_U?*","|","iKeb]","S@Uh2S~2","0+^0ULm("
"'Zjz","","+Dh|djI","7L'?#","8UU","H_SKdP@8`+"
"OAH:~4","D (MHgR>:/","}]","sI|","?(ux","^9btP"
"""gQQ","l",">","QCI.J","7%t?N$o0+","9%u"
"XgQ6>|","`b3lZd","N:I","Fhf"," =sJS","S6c"
"R}/o","V#N","","|i8R6?q5u","%Vi4PX","1ED"
"SF;[$}D=de","x,l(,N0MS&","v7Dv","SV*U","","'+6,\l-6Em"
"yh,6CskV1","f","NnKaL","n|WY)","!U","v|t}eG"
"1oJLWy+9G","p,bXq7*A;A","/S0-vrI|","y;<\'","[B|","C"
"7!@q:zBI","7m.h4R#a","?=""","","7FYY{T","2'e-r}.w"
"7bUJz","","[w1","ezj,6'T","E?<1BU","|"
"2D:#","L\cC","Bo8]\R]","E'G","X5h;jPl""","k"
"j*d:X&","M","j4Eb.`","4f@ch\3YX","]AVb0f","Lv@~^1x="
"Ldy`h2rM","5","6;SOk\","B","Rs$@d\","B*p<d)c"
"+9p&/","omWB","H/N$s",";1","+&.j","4L"
"]1!","Xa$9G]{?V!","|MlRj*-mt","IOdB>gm","(j*iN>","e3Pb7xyH"
"i0=]`..I0","7!z?","W7aX +#K5u",".LHRyB","pLV&bV","r#?r@~%QS/"
"'"," Mhg`","E!uE","cZ","Td9","w#XDzGZ!j8"
"\bw!Xw!~^","jQ3;Q",")~u:]J*","pg~U XY[V[","!",""
"A","k[KD7luh","/j","G","<","3dDO/"
"#","?M$U*{VL",",\pGaQ7Z","pIG'.~'^","g'{d_0^",""
"d^#E1&(","s$'y5SK*","5K<N@N6.^e","~","k*QUnBfLM","t<UP"
"?@S_e","k%aQ%38","8*","Vj.F","IG","M"
"Ef","","'^","Y<C<","2&","7<WC7Kuj(2"
"XS","A/*Ki!%2L{","`Z","cd","f}K){cn",">L\!"
"wRN&C$tF","4m","_LW_D ""=>","yF89h`~","#+ZfmFDW","DO$lH,"
